Topic,Link
Advertising,https://www.linkedin.com/topic/advertising
Accounting,https://www.linkedin.com/topic/accounting
AutoCAD,https://www.linkedin.com/topic/autocad
Adobe Illustrator,https://www.linkedin.com/topic/adobe-illustrator
Adobe Photoshop,https://www.linkedin.com/topic/adobe-photoshop
Account Management,https://www.linkedin.com/topic/account-management
Adobe Creative Suite,https://www.linkedin.com/topic/adobe-creative-suite
Auditing,https://www.linkedin.com/topic/auditing
Agile Methodologies,https://www.linkedin.com/topic/agile-methodologies
Administration,https://www.linkedin.com/topic/administration
Business-to-Business (B2B),https://www.linkedin.com/topic/business-to-business-%28b2b%29
Business Strategy,https://www.linkedin.com/topic/business-strategy
Business Development,https://www.linkedin.com/topic/business-development
Business Planning,https://www.linkedin.com/topic/business-planning
Business Analysis,https://www.linkedin.com/topic/business-analysis
Business Process Improvement,https://www.linkedin.com/topic/business-process-improvement
Blogging,https://www.linkedin.com/topic/blogging
Banking,https://www.linkedin.com/topic/banking
Business Intelligence,https://www.linkedin.com/topic/business-intelligence
Business Process,https://www.linkedin.com/topic/business-process
Customer Service,https://www.linkedin.com/topic/customer-service
Customer Satisfaction,https://www.linkedin.com/topic/customer-satisfaction
Community Outreach,https://www.linkedin.com/topic/community-outreach
Communication,https://www.linkedin.com/topic/communication
Change Management,https://www.linkedin.com/topic/change-management
Coaching,https://www.linkedin.com/topic/coaching
C++,https://www.linkedin.com/topic/c++
Contract Negotiation,https://www.linkedin.com/topic/contract-negotiation
C,https://www.linkedin.com/topic/c
Customer Relationship Management (CRM),https://www.linkedin.com/topic/customer-relationship-management-%28crm%29
Data Analysis,https://www.linkedin.com/topic/data-analysis
Disaster Recovery,https://www.linkedin.com/topic/disaster-recovery
Dutch,https://www.linkedin.com/topic/dutch
Data Entry,https://www.linkedin.com/topic/data-entry
Digital Marketing,https://www.linkedin.com/topic/digital-marketing
Direct Sales,https://www.linkedin.com/topic/direct-sales
Databases,https://www.linkedin.com/topic/databases
Digital Media,https://www.linkedin.com/topic/digital-media
Due Diligence,https://www.linkedin.com/topic/due-diligence
Data Center,https://www.linkedin.com/topic/data-center
English,https://www.linkedin.com/topic/english
Event Planning,https://www.linkedin.com/topic/event-planning
Event Management,https://www.linkedin.com/topic/event-management
Entrepreneurship,https://www.linkedin.com/topic/entrepreneurship
Editing,https://www.linkedin.com/topic/editing
Email Marketing,https://www.linkedin.com/topic/email-marketing
Engineering,https://www.linkedin.com/topic/engineering
Electronic Medical Record (EMR),https://www.linkedin.com/topic/electronic-medical-record-%28emr%29
Employee Relations,https://www.linkedin.com/topic/employee-relations
Employee Training,https://www.linkedin.com/topic/employee-training
Facebook,https://www.linkedin.com/topic/facebook
Financial Analysis,https://www.linkedin.com/topic/financial-analysis
Fundraising,https://www.linkedin.com/topic/fundraising
Forecasting,https://www.linkedin.com/topic/forecasting
Finance,https://www.linkedin.com/topic/finance
Financial Reporting,https://www.linkedin.com/topic/financial-reporting
Financial Accounting,https://www.linkedin.com/topic/financial-accounting
Financial Modeling,https://www.linkedin.com/topic/financial-modeling
Fashion,https://www.linkedin.com/topic/fashion
Financial Planning,https://www.linkedin.com/topic/financial-planning
General Ledger,https://www.linkedin.com/topic/general-ledger
Grant Writing,https://www.linkedin.com/topic/grant-writing
Graphic Design,https://www.linkedin.com/topic/graphic-design
Government,https://www.linkedin.com/topic/government
Gas,https://www.linkedin.com/topic/gas
Graphics,https://www.linkedin.com/topic/graphics
Google Analytics,https://www.linkedin.com/topic/google-analytics
Geographic Information Systems (GIS),https://www.linkedin.com/topic/geographic-information-systems-%28gis%29
GMP,https://www.linkedin.com/topic/gmp
Green Building,https://www.linkedin.com/topic/green-building
Healthcare,https://www.linkedin.com/topic/healthcare
Human Resources,https://www.linkedin.com/topic/human-resources
Hospitals,https://www.linkedin.com/topic/hospitals
Healthcare Management,https://www.linkedin.com/topic/healthcare-management
Higher Education,https://www.linkedin.com/topic/higher-education
HTML,https://www.linkedin.com/topic/html
Healthcare Information Technology (HIT),https://www.linkedin.com/topic/healthcare-information-technology-%28hit%29
Hiring,https://www.linkedin.com/topic/hiring
Hospitality Management,https://www.linkedin.com/topic/hospitality-management
Health Education,https://www.linkedin.com/topic/health-education
InDesign,https://www.linkedin.com/topic/indesign
Inventory Management,https://www.linkedin.com/topic/inventory-management
Interviewing,https://www.linkedin.com/topic/interviewing
Inventory Control,https://www.linkedin.com/topic/inventory-control
Investment Properties,https://www.linkedin.com/topic/investment-properties
Integration,https://www.linkedin.com/topic/integration
ITIL,https://www.linkedin.com/topic/itil
Inspection,https://www.linkedin.com/topic/inspection
Investments,https://www.linkedin.com/topic/investments
Insurance,https://www.linkedin.com/topic/insurance
Java,https://www.linkedin.com/topic/java
JavaScript,https://www.linkedin.com/topic/javascript
Journalism,https://www.linkedin.com/topic/journalism
JQuery,https://www.linkedin.com/topic/jquery
Java Enterprise Edition,https://www.linkedin.com/topic/java-enterprise-edition
JavaServer Pages (JSP),https://www.linkedin.com/topic/javaserver-pages-%28jsp%29
JSON,https://www.linkedin.com/topic/json
Journal Entries,https://www.linkedin.com/topic/journal-entries
Joint Ventures,https://www.linkedin.com/topic/joint-ventures
JIRA,https://www.linkedin.com/topic/jira
Kaizen,https://www.linkedin.com/topic/kaizen
Key Account Development,https://www.linkedin.com/topic/key-account-development
Kanban,https://www.linkedin.com/topic/kanban
Key Performance Indicators,https://www.linkedin.com/topic/key-performance-indicators
Knowledge Management,https://www.linkedin.com/topic/knowledge-management
Knitwear,https://www.linkedin.com/topic/knitwear
Keyboards,https://www.linkedin.com/topic/keyboards
Kinesiology,https://www.linkedin.com/topic/kinesiology
KYC,https://www.linkedin.com/topic/kyc
K-12 Education,https://www.linkedin.com/topic/k-12-education
Leadership,https://www.linkedin.com/topic/leadership
Leadership Development,https://www.linkedin.com/topic/leadership-development
Linux,https://www.linkedin.com/topic/linux
Lean Manufacturing,https://www.linkedin.com/topic/lean-manufacturing
Logistics Management,https://www.linkedin.com/topic/logistics-management
Lead Generation,https://www.linkedin.com/topic/lead-generation
Life Sciences,https://www.linkedin.com/topic/life-sciences
Lecturing,https://www.linkedin.com/topic/lecturing
Logo Design,https://www.linkedin.com/topic/logo-design
Loans,https://www.linkedin.com/topic/loans
Microsoft Excel,https://www.linkedin.com/topic/microsoft-excel
Microsoft Office,https://www.linkedin.com/topic/microsoft-office
Microsoft Word,https://www.linkedin.com/topic/microsoft-word
Marketing,https://www.linkedin.com/topic/marketing
Microsoft Outlook,https://www.linkedin.com/topic/microsoft-outlook
Management,https://www.linkedin.com/topic/management
Marketing Strategy,https://www.linkedin.com/topic/marketing-strategy
Market Research,https://www.linkedin.com/topic/market-research
Manufacturing,https://www.linkedin.com/topic/manufacturing
Management Consulting,https://www.linkedin.com/topic/management-consulting
Negotiation,https://www.linkedin.com/topic/negotiation
Nonprofits,https://www.linkedin.com/topic/nonprofits
Nursing,https://www.linkedin.com/topic/nursing
Networking,https://www.linkedin.com/topic/networking
Newsletters,https://www.linkedin.com/topic/newsletters
Nutrition,https://www.linkedin.com/topic/nutrition
Network Security,https://www.linkedin.com/topic/network-security
Network Administration,https://www.linkedin.com/topic/network-administration
Network Design,https://www.linkedin.com/topic/network-design
Nursing Education,https://www.linkedin.com/topic/nursing-education
Online Marketing,https://www.linkedin.com/topic/online-marketing
Organizational Development,https://www.linkedin.com/topic/organizational-development
Online Advertising,https://www.linkedin.com/topic/online-advertising
Oracle,https://www.linkedin.com/topic/oracle
Outsourcing,https://www.linkedin.com/topic/outsourcing
Operations Management,https://www.linkedin.com/topic/operations-management
Office Administration,https://www.linkedin.com/topic/office-administration
Operating Systems,https://www.linkedin.com/topic/operating-systems
Oil & Gas,https://www.linkedin.com/topic/oil-%26-gas
Oncology,https://www.linkedin.com/topic/oncology
Public Relations,https://www.linkedin.com/topic/public-relations
Public Speaking,https://www.linkedin.com/topic/public-speaking
PowerPoint,https://www.linkedin.com/topic/powerpoint
Project Management,https://www.linkedin.com/topic/project-management
Program Management,https://www.linkedin.com/topic/program-management
Project Planning,https://www.linkedin.com/topic/project-planning
Product Development,https://www.linkedin.com/topic/product-development
Patient Safety,https://www.linkedin.com/topic/patient-safety
Performance Management,https://www.linkedin.com/topic/performance-management
Photography,https://www.linkedin.com/topic/photography
Quality Assurance,https://www.linkedin.com/topic/quality-assurance
Qualitative Research,https://www.linkedin.com/topic/qualitative-research
Quality Management,https://www.linkedin.com/topic/quality-management
QuickBooks,https://www.linkedin.com/topic/quickbooks
Quality Control,https://www.linkedin.com/topic/quality-control
Quality System,https://www.linkedin.com/topic/quality-system
Quality Improvement,https://www.linkedin.com/topic/quality-improvement
Quantitative Research,https://www.linkedin.com/topic/quantitative-research
Quality Patient Care,https://www.linkedin.com/topic/quality-patient-care
Quantity Surveying,https://www.linkedin.com/topic/quantity-surveying
Research,https://www.linkedin.com/topic/research
Recruiting,https://www.linkedin.com/topic/recruiting
Retail,https://www.linkedin.com/topic/retail
Real Estate,https://www.linkedin.com/topic/real-estate
Risk Management,https://www.linkedin.com/topic/risk-management
Residential Homes,https://www.linkedin.com/topic/residential-homes
Retail Sales,https://www.linkedin.com/topic/retail-sales
Requirements Analysis,https://www.linkedin.com/topic/requirements-analysis
Risk Assessment,https://www.linkedin.com/topic/risk-assessment
Root Cause Analysis,https://www.linkedin.com/topic/root-cause-analysis
Social Media,https://www.linkedin.com/topic/social-media
Sales,https://www.linkedin.com/topic/sales
Strategic Planning,https://www.linkedin.com/topic/strategic-planning
SQL,https://www.linkedin.com/topic/sql
Strategy,https://www.linkedin.com/topic/strategy
Sales Management,https://www.linkedin.com/topic/sales-management
Social Media Marketing,https://www.linkedin.com/topic/social-media-marketing
Staff Development,https://www.linkedin.com/topic/staff-development
Start-ups,https://www.linkedin.com/topic/start-ups
Sales Operations,https://www.linkedin.com/topic/sales-operations
Team Building,https://www.linkedin.com/topic/team-building
Time Management,https://www.linkedin.com/topic/time-management
Team Leadership,https://www.linkedin.com/topic/team-leadership
Training,https://www.linkedin.com/topic/training
Teamwork,https://www.linkedin.com/topic/teamwork
Team Management,https://www.linkedin.com/topic/team-management
Teaching,https://www.linkedin.com/topic/teaching
Troubleshooting,https://www.linkedin.com/topic/troubleshooting
Tutoring,https://www.linkedin.com/topic/tutoring
Telecommunications,https://www.linkedin.com/topic/telecommunications
U.S. Health Insurance Portability and Accountability Act (HIPAA),https://www.linkedin.com/topic/u%2Es%2E-health-insurance-portability-and-accountability-act-%28hipaa%29
Unix,https://www.linkedin.com/topic/unix
University Teaching,https://www.linkedin.com/topic/university-teaching
User Experience,https://www.linkedin.com/topic/user-experience
Underwriting,https://www.linkedin.com/topic/underwriting
Unified Modeling Language (UML),https://www.linkedin.com/topic/unified-modeling-language-%28uml%29
U.S. Department of Defense,https://www.linkedin.com/topic/u%2Es%2E-department-of-defense
User Interface Design,https://www.linkedin.com/topic/user-interface-design
U.S. Generally Accepted Accounting Principles (GAAP),https://www.linkedin.com/topic/u%2Es%2E-generally-accepted-accounting-principles-%28gaap%29
Upstream,https://www.linkedin.com/topic/upstream
Volunteer Management,https://www.linkedin.com/topic/volunteer-management
Video Production,https://www.linkedin.com/topic/video-production
Video Editing,https://www.linkedin.com/topic/video-editing
Video,https://www.linkedin.com/topic/video
Visual Merchandising,https://www.linkedin.com/topic/visual-merchandising
Vendor Management,https://www.linkedin.com/topic/vendor-management
Visio,https://www.linkedin.com/topic/visio
Valuation,https://www.linkedin.com/topic/valuation
Virtualization,https://www.linkedin.com/topic/virtualization
Value Engineering,https://www.linkedin.com/topic/value-engineering
Windows,https://www.linkedin.com/topic/windows
Working with First-Time Home Buyers,https://www.linkedin.com/topic/working-with-first-time-home-buyers
Writing,https://www.linkedin.com/topic/writing
Web Design,https://www.linkedin.com/topic/web-design
Web Development,https://www.linkedin.com/topic/web-development
WordPress,https://www.linkedin.com/topic/wordpress
Windows Server,https://www.linkedin.com/topic/windows-server
Wellness,https://www.linkedin.com/topic/wellness
Web Services,https://www.linkedin.com/topic/web-services
Warehouse Operations,https://www.linkedin.com/topic/warehouse-operations
Xcode,https://www.linkedin.com/topic/xcode
XML,https://www.linkedin.com/topic/xml
XHTML,https://www.linkedin.com/topic/xhtml
XSLT,https://www.linkedin.com/topic/xslt
X-ray,https://www.linkedin.com/topic/x-ray
Xbox 360,https://www.linkedin.com/topic/xbox-360
Xilinx,https://www.linkedin.com/topic/xilinx
XSI,https://www.linkedin.com/topic/xsi
Xbox,https://www.linkedin.com/topic/xbox
Xero,https://www.linkedin.com/topic/xero
Youth Development,https://www.linkedin.com/topic/youth-development
Yield Management,https://www.linkedin.com/topic/yield-management
Youth Mentoring,https://www.linkedin.com/topic/youth-mentoring
Yoga,https://www.linkedin.com/topic/yoga
Youth Ministry,https://www.linkedin.com/topic/youth-ministry
Young Adults,https://www.linkedin.com/topic/young-adults
YouTube,https://www.linkedin.com/topic/youtube
Yachting,https://www.linkedin.com/topic/yachting
Year-end Close,https://www.linkedin.com/topic/year-end-close
Year End Accounts,https://www.linkedin.com/topic/year-end-accounts
5S,https://www.linkedin.com/topic/5s
.NET Framework,https://www.linkedin.com/topic/%2Enet-framework
3D Studio Max,https://www.linkedin.com/topic/3d-studio-max
3D Modeling,https://www.linkedin.com/topic/3d-modeling
3d,https://www.linkedin.com/topic/3d
3G,https://www.linkedin.com/topic/3g
3D Visualization,https://www.linkedin.com/topic/3d-visualization
3D Rendering,https://www.linkedin.com/topic/3d-rendering
1031 Exchanges,https://www.linkedin.com/topic/1031-exchanges
2G,https://www.linkedin.com/topic/2g
